timestamp,predicted_volume,predicted_density
2026-02-26 13:23:45.976590,691,CRITICAL
2026-02-26 13:28:45.976602,793,CRITICAL
2026-02-26 13:33:45.976605,897,CRITICAL
2026-02-26 13:38:45.976606,890,CRITICAL
2026-02-26 13:43:45.976608,882,CRITICAL
2026-02-26 13:48:45.976611,825,CRITICAL
2026-02-26 13:53:45.976612,684,CRITICAL
2026-02-26 13:58:45.976613,704,CRITICAL
2026-02-26 14:03:45.976615,724,CRITICAL
2026-02-26 14:08:45.976616,828,CRITICAL
2026-02-26 14:13:45.976617,679,CRITICAL
2026-02-26 14:18:45.976619,791,CRITICAL
